id,title,name,description,keywords,link,merged_info
1,Trending - GeeksforGeeks,Trending Now On GeeksforGeeks,"A Computer Science portal for geeks. It contains well written, well thought and well explained computer science and programming articles, quizzes and practice/competitive programming/company interview Questions.","Organization, College, Companies, Institutions, Video, Data Structures, Algorithms, Python, Java, C, C++, JavaScript, Android Development, SQL, Data Science, Machine Learning, PHP, Web Development, System Design, Tutorial, Technical Blogs, Interview Experience, Interview Preparation, Programming, Competitive Programming, SDE Sheet, Job-a-thon, Coding Contests, GATE CSE, HTML, CSS, React, NodeJS, Placement, Aptitude, Quiz, Computer Science, Programming Examples, GeeksforGeeks Courses, Puzzles",https://www.geeksforgeeks.org/trending/,"Trending Now On GeeksforGeeks | A Computer Science portal for geeks. It contains well written, well thought and well explained computer science and programming articles, quizzes and practice/competitive programming/company interview Questions. | Organization, College, Companies, Institutions, Video, Data Structures, Algorithms, Python, Java, C, C++, JavaScript, Android Development, SQL, Data Science, Machine Learning, PHP, Web Development, System Design, Tutorial, Technical Blogs, Interview Experience, Interview Preparation, Programming, Competitive Programming, SDE Sheet, Job-a-thon, Coding Contests, GATE CSE, HTML, CSS, React, NodeJS, Placement, Aptitude, Quiz, Computer Science, Programming Examples, GeeksforGeeks Courses, Puzzles"
2,Data Structures Tutorial | GeeksforGeeks,Data Structures Tutorial,"Data structures are essential for organizing, storing, and manipulating data in programming, with various types including linear, static, dynamic, and non-linear structures like arrays, stacks, queues, trees, and graphs.","Data Structures, Linear Data Structure, Dynamic Data Structure, Non-Linear Data Structure, Array Data Structure, Matrix/Grid Data Structure, String Data Type, Stack Data Structure, Queue Data Structure, Linked List Data Structure, Hashing Technique, Tree Data Structure, Binary Search Tree, Advanced Data Structures, Graph Data Structure",https://www.geeksforgeeks.org/data-structures/,"Data Structures Tutorial | Data structures are essential for organizing, storing, and manipulating data in programming, with various types including linear, static, dynamic, and non-linear structures like arrays, stacks, queues, trees, and graphs. | Data Structures, Linear Data Structure, Dynamic Data Structure, Non-Linear Data Structure, Array Data Structure, Matrix/Grid Data Structure, String Data Type, Stack Data Structure, Queue Data Structure, Linked List Data Structure, Hashing Technique, Tree Data Structure, Binary Search Tree, Advanced Data Structures, Graph Data Structure"
3,Algorithms Tutorial | GeeksforGeeks,Algorithms Tutorial,"A Computer Science portal for geeks. It contains well written, well thought and well explained computer science and programming articles, quizzes and practice/competitive programming/company interview Questions.","Data Structures, Algorithms, Python, Java, C, C++, JavaScript, Android Development, SQL, Data Science, Machine Learning, PHP, Web Development, System Design, Tutorial, Technical Blogs, Interview Experience, Interview Preparation, Programming, Competitive Programming, Jobs, Coding Contests, GATE CSE, HTML, CSS, React, NodeJS, Placement, Aptitude, Quiz, Computer Science, Programming Examples, GeeksforGeeks Courses, Puzzles, SSC, Banking, UPSC, Commerce, Finance, CBSE, School, k12, General Knowledge, News, Mathematics, Exams",https://www.geeksforgeeks.org/fundamentals-of-algorithms/,"Algorithms Tutorial | A Computer Science portal for geeks. It contains well written, well thought and well explained computer science and programming articles, quizzes and practice/competitive programming/company interview Questions. | Data Structures, Algorithms, Python, Java, C, C++, JavaScript, Android Development, SQL, Data Science, Machine Learning, PHP, Web Development, System Design, Tutorial, Technical Blogs, Interview Experience, Interview Preparation, Programming, Competitive Programming, Jobs, Coding Contests, GATE CSE, HTML, CSS, React, NodeJS, Placement, Aptitude, Quiz, Computer Science, Programming Examples, GeeksforGeeks Courses, Puzzles, SSC, Banking, UPSC, Commerce, Finance, CBSE, School, k12, General Knowledge, News, Mathematics, Exams"
4,System Design Tutorial | GeeksforGeeks,System Design Tutorial,"A Computer Science portal for geeks. It contains well written, well thought and well explained computer science and programming articles, quizzes and practice/competitive programming/company interview Questions.","System Design, Software Development, Scalability in System Design, Functional vs Non-Functional Requirements, System Design Life Cycle, Database Sharding, High-Level Design, Load Balancer, Content Delivery Network, Object-Oriented Programming Concepts, Design Patterns, System Design Interview Preparation, Advantages of System Design, Disadvantages of System Design, API Gateway",https://www.geeksforgeeks.org/system-design-tutorial/,"System Design Tutorial | A Computer Science portal for geeks. It contains well written, well thought and well explained computer science and programming articles, quizzes and practice/competitive programming/company interview Questions. | System Design, Software Development, Scalability in System Design, Functional vs Non-Functional Requirements, System Design Life Cycle, Database Sharding, High-Level Design, Load Balancer, Content Delivery Network, Object-Oriented Programming Concepts, Design Patterns, System Design Interview Preparation, Advantages of System Design, Disadvantages of System Design, API Gateway"
5,Courses GeeksforGeeks | Interactive LIVE and Self-Paced Courses,"Course CatalogInteractive LIVE & Self-Paced Courses with Individual Attention by Industry Leading Gurus to Encourage Out-of-the-box thinking, leading to Clarity in Concepts, Creativity and Innovative Ideas.08069289001",Platform to practice programming problems. Solve company interview questions and improve your coding intellect,"programming, coding, online, code online, online judge, practice, run code, test, expected outcome, programming competition, programming contest, online programming, online computer programming, hackathon",https://www.geeksforgeeks.org/courses/category/programming-languages?courseFeeType=paid&utm_source=geeksforgeeks&utm_medium=sub_header&utm_campaign=courses,"Course CatalogInteractive LIVE & Self-Paced Courses with Individual Attention by Industry Leading Gurus to Encourage Out-of-the-box thinking, leading to Clarity in Concepts, Creativity and Innovative Ideas.08069289001 | Platform to practice programming problems. Solve company interview questions and improve your coding intellect | programming, coding, online, code online, online judge, practice, run code, test, expected outcome, programming competition, programming contest, online programming, online computer programming, hackathon"
6,Complete Machine Learning & Data Science Program,Complete Machine Learning & Data Science Program,"Master Data Science and Machine Learning with GeeksforGeeks' comprehensive 6-month live Data Science program. Perfect for tech enthusiasts, students, and professionals, this Data Science live course covers Python, deep learning, AI, and more. Gain hands-on experience with 40+ industry projects and 20+ programming tools. Join now to elevate your career and become a data science expert!","PowerPlay, Machine Learning and Data Science, Machine Learning / Data Science, IBM Certification, Data Science, data science course geeksforgeeks, data science live classes, ml data science course, data science course, data science, machinelearning, Complete Machine Learning & Data Science Program , data science program live, data science course with job assistance, learn data science, Complete Machine Learning & Data Science Program [with Doubt Assistance], top data science course, Numpy, data science online course, data science jobs, deep learning, neural network, python, machine learning data science course, data science training, data science course 2024, machine learning, latest data science course, data analysis, AI, best data science course, how to learn data science, data science course 2025, data science live course, ML, data science course for working professionals, data science course for college students, data science course online",https://www.geeksforgeeks.org/courses/data-science-live?itm_source=geeksforgeeks&itm_medium=gfg_submenu&itm_campaign=DS_Submenu,"Complete Machine Learning & Data Science Program | Master Data Science and Machine Learning with GeeksforGeeks' comprehensive 6-month live Data Science program. Perfect for tech enthusiasts, students, and professionals, this Data Science live course covers Python, deep learning, AI, and more. Gain hands-on experience with 40+ industry projects and 20+ programming tools. Join now to elevate your career and become a data science expert! | PowerPlay, Machine Learning and Data Science, Machine Learning / Data Science, IBM Certification, Data Science, data science course geeksforgeeks, data science live classes, ml data science course, data science course, data science, machinelearning, Complete Machine Learning & Data Science Program , data science program live, data science course with job assistance, learn data science, Complete Machine Learning & Data Science Program [with Doubt Assistance], top data science course, Numpy, data science online course, data science jobs, deep learning, neural network, python, machine learning data science course, data science training, data science course 2024, machine learning, latest data science course, data analysis, AI, best data science course, how to learn data science, data science course 2025, data science live course, ML, data science course for working professionals, data science course for college students, data science course online"
7,Practice | GeeksforGeeks | A computer science portal for geeks,Practice | GeeksforGeeks | A computer science portal for geeks,Platform to practice programming problems. Solve company interview questions and improve your coding intellect,"programming, coding, online, code online, online judge, practice, run code, test, expected outcome, programming competition, programming contest, online programming, online computer programming, hackathon",https://practice.geeksforgeeks.org/explore?page=1&sortBy=submissions,"Practice | GeeksforGeeks | A computer science portal for geeks | Platform to practice programming problems. Solve company interview questions and improve your coding intellect | programming, coding, online, code online, online judge, practice, run code, test, expected outcome, programming competition, programming contest, online programming, online computer programming, hackathon"
8,Python Tutorial | Learn Python Programming Language | GeeksforGeeks,Python Tutorial | Learn Python Programming Language,"A Computer Science portal for geeks. It contains well written, well thought and well explained computer science and programming articles, quizzes and practice/competitive programming/company interview Questions.","Python Tutorial, programming languages, beginner-friendly, data science, machine learning, web development, Python libraries, object-oriented programming, exception handling, database handling, data analysis libraries, Python packages, core web frameworks, API development, Python job opportunities",https://www.geeksforgeeks.org/python-programming-language/,"Python Tutorial | Learn Python Programming Language | A Computer Science portal for geeks. It contains well written, well thought and well explained computer science and programming articles, quizzes and practice/competitive programming/company interview Questions. | Python Tutorial, programming languages, beginner-friendly, data science, machine learning, web development, Python libraries, object-oriented programming, exception handling, database handling, data analysis libraries, Python packages, core web frameworks, API development, Python job opportunities"
9,Machine Learning Tutorial | GeeksforGeeks,Machine Learning Tutorial,"A Computer Science portal for geeks. It contains well written, well thought and well explained computer science and programming articles, quizzes and practice/competitive programming/company interview Questions.","Machine Learning, Artificial Intelligence, Supervised Learning, Unsupervised Learning, Reinforcement Learning, Machine Learning Pipeline, Data Preprocessing in Python, Ensemble Learning, Clustering Algorithms, Dimensionality Reduction Techniques, Model-Based Methods, Model-Free Methods, MLOps Challenges, Machine Learning Deployment, Deep Learning vs Machine Learning",https://www.geeksforgeeks.org/machine-learning/,"Machine Learning Tutorial | A Computer Science portal for geeks. It contains well written, well thought and well explained computer science and programming articles, quizzes and practice/competitive programming/company interview Questions. | Machine Learning, Artificial Intelligence, Supervised Learning, Unsupervised Learning, Reinforcement Learning, Machine Learning Pipeline, Data Preprocessing in Python, Ensemble Learning, Clustering Algorithms, Dimensionality Reduction Techniques, Model-Based Methods, Model-Free Methods, MLOps Challenges, Machine Learning Deployment, Deep Learning vs Machine Learning"
10,Learn Data Science Tutorial With Python | GeeksforGeeks,Learn Data Science Tutorial With Python,"A Computer Science portal for geeks. It contains well written, well thought and well explained computer science and programming articles, quizzes and practice/competitive programming/company interview Questions.","Data Science, Python Programming, Machine Learning, Data Visualization, Data Preprocessing, Exploratory Data Analysis, Statistical Tests, Data Manipulation, Supervised Learning, Unsupervised Learning, Healthcare Data Science Applications, Data Science Career Opportunities, Data Science Algorithms, Data Analysis Techniques, Data Science Tutorial",https://www.geeksforgeeks.org/data-science-tutorial/,"Learn Data Science Tutorial With Python | A Computer Science portal for geeks. It contains well written, well thought and well explained computer science and programming articles, quizzes and practice/competitive programming/company interview Questions. | Data Science, Python Programming, Machine Learning, Data Visualization, Data Preprocessing, Exploratory Data Analysis, Statistical Tests, Data Manipulation, Supervised Learning, Unsupervised Learning, Healthcare Data Science Applications, Data Science Career Opportunities, Data Science Algorithms, Data Analysis Techniques, Data Science Tutorial"
11,Django Tutorial | Learn Django Framework | GeeksforGeeks,Django Tutorial | Learn Django Framework,"A Computer Science portal for geeks. It contains well written, well thought and well explained computer science and programming articles, quizzes and practice/competitive programming/company interview Questions.","Django, Python web framework, backend development, Django projects, Django Admin Interface, Object-Relational Mapping, Function Based Views, Class Based Views, Django URL patterns, Django Templates, Django Models, Django Forms, rapid development, scalable applications, Django REST Framework",https://www.geeksforgeeks.org/django-tutorial/,"Django Tutorial | Learn Django Framework | A Computer Science portal for geeks. It contains well written, well thought and well explained computer science and programming articles, quizzes and practice/competitive programming/company interview Questions. | Django, Python web framework, backend development, Django projects, Django Admin Interface, Object-Relational Mapping, Function Based Views, Class Based Views, Django URL patterns, Django Templates, Django Models, Django Forms, rapid development, scalable applications, Django REST Framework"
12,DevOps Tutorial | GeeksforGeeks,DevOps Tutorial,"A Computer Science portal for geeks. It contains well written, well thought and well explained computer science and programming articles, quizzes and practice/competitive programming/company interview Questions.","DevOps, DevOps tutorial, software delivery lifecycle, collaboration, continuous delivery, Infrastructure as Code, DevOps tools, Cloud Computing, containerization, Kubernetes, Git version control, YAML, DevOps career opportunities, automation, DevOps best practices",https://www.geeksforgeeks.org/devops-tutorial/,"DevOps Tutorial | A Computer Science portal for geeks. It contains well written, well thought and well explained computer science and programming articles, quizzes and practice/competitive programming/company interview Questions. | DevOps, DevOps tutorial, software delivery lifecycle, collaboration, continuous delivery, Infrastructure as Code, DevOps tools, Cloud Computing, containerization, Kubernetes, Git version control, YAML, DevOps career opportunities, automation, DevOps best practices"
13,JavaScript Tutorial | GeeksforGeeks,JavaScript Tutorial,"JavaScript is a versatile programming language essential for creating dynamic and interactive web content, used both on the client-side and server-side, with extensive applications in web development, mobile apps, and game development.","JavaScript, dynamic content, client-side logic, server-side applications, Machine Learning in JavaScript, Object-Oriented Programming, JavaScript frameworks, asynchronous programming, data structures and algorithms, JavaScript libraries, event handling, JSON data format, exception handling, JavaScript interview questions, real-time applications",https://www.geeksforgeeks.org/javascript/,"JavaScript Tutorial | JavaScript is a versatile programming language essential for creating dynamic and interactive web content, used both on the client-side and server-side, with extensive applications in web development, mobile apps, and game development. | JavaScript, dynamic content, client-side logic, server-side applications, Machine Learning in JavaScript, Object-Oriented Programming, JavaScript frameworks, asynchronous programming, data structures and algorithms, JavaScript libraries, event handling, JSON data format, exception handling, JavaScript interview questions, real-time applications"
14,Java Tutorial | GeeksforGeeks,Java Tutorial,"Java is a versatile, high-level programming language known for its platform independence, widely used in various applications from mobile to enterprise software, and supported by a robust ecosystem of tools and frameworks.","Java programming language, Write Once Run Anywhere, Java Virtual Machine, Object-Oriented Programming, Java Collection Framework, Java Exception Handling, Java Multithreading, Java File Handling, Java Streams and Lambda Expressions, Java Database Connectivity, Java Memory Management, Java Networking, Java Syntax and Structure, Java Development Kit, Java Interview Preparation",https://www.geeksforgeeks.org/java/,"Java Tutorial | Java is a versatile, high-level programming language known for its platform independence, widely used in various applications from mobile to enterprise software, and supported by a robust ecosystem of tools and frameworks. | Java programming language, Write Once Run Anywhere, Java Virtual Machine, Object-Oriented Programming, Java Collection Framework, Java Exception Handling, Java Multithreading, Java File Handling, Java Streams and Lambda Expressions, Java Database Connectivity, Java Memory Management, Java Networking, Java Syntax and Structure, Java Development Kit, Java Interview Preparation"
15,C Programming Language Tutorial | GeeksforGeeks,C Programming Language Tutorial,"A Computer Science portal for geeks. It contains well written, well thought and well explained computer science and programming articles, quizzes and practice/competitive programming/company interview Questions.","C programming language, mother of all programming languages, programming concepts, memory management, file handling, data structures in C, error handling in C, advanced C programming techniques, dynamic memory allocation, compound data types, functions in C, input/output operations, C vs other programming languages, high-performance computing, embedded systems programming",https://www.geeksforgeeks.org/c-programming-language/,"C Programming Language Tutorial | A Computer Science portal for geeks. It contains well written, well thought and well explained computer science and programming articles, quizzes and practice/competitive programming/company interview Questions. | C programming language, mother of all programming languages, programming concepts, memory management, file handling, data structures in C, error handling in C, advanced C programming techniques, dynamic memory allocation, compound data types, functions in C, input/output operations, C vs other programming languages, high-performance computing, embedded systems programming"
16,C++ Programming Language | GeeksforGeeks,C++ Programming Language,"C++ is a versatile programming language that combines low-level memory management with object-oriented features, making it suitable for various applications, and this tutorial offers a comprehensive guide to learning its core and advanced concepts through practical examples and quizzes.","C++, Bjarne Stroustrup, programming language, memory management, Object Oriented Programming, dynamic memory management, Standard Template Library, exception handling, file handling, advanced C++ concepts, C++ skill assessments, C++ interview questions, C++ vs other programming languages, high-performance applications, game development",https://www.geeksforgeeks.org/c-plus-plus/,"C++ Programming Language | C++ is a versatile programming language that combines low-level memory management with object-oriented features, making it suitable for various applications, and this tutorial offers a comprehensive guide to learning its core and advanced concepts through practical examples and quizzes. | C++, Bjarne Stroustrup, programming language, memory management, Object Oriented Programming, dynamic memory management, Standard Template Library, exception handling, file handling, advanced C++ concepts, C++ skill assessments, C++ interview questions, C++ vs other programming languages, high-performance applications, game development"
17,React Tutorial | GeeksforGeeks,React Tutorial,,"React, React Tutorial, ReactJS, JavaScript Library, front-end development, component-based architecture, Single Page Applications, Virtual DOM, JSX, one-way data flow, React Hooks, React Router, state management, React performance, user experience, React interview questions",https://www.geeksforgeeks.org/learn-reactjs/,
18,Node.js Tutorial | GeeksforGeeks,Node.js Tutorial,"NodeJS is a versatile, open-source JavaScript runtime that enables server-side development, supports real-time applications, and offers high scalability through its non-blocking architecture. Learn everything in a systematic manner by this Nodejs tutorial.","Node.js, NodeJS, NodeJS Tutorial, Learn NodeJS, Learn NodeJS Tutorial, JavaScript runtime environment, event-driven architecture, scalable server-side applications, REST APIs, real-time applications, microservices, Node Package Manager, high-speed NVMe SSD storage, JavaScript for backend development, I/O-heavy applications, Node.js installation guide, Node.js community support, efficient data streaming, Node.js job profiles",https://www.geeksforgeeks.org/nodejs/,"Node.js Tutorial | NodeJS is a versatile, open-source JavaScript runtime that enables server-side development, supports real-time applications, and offers high scalability through its non-blocking architecture. Learn everything in a systematic manner by this Nodejs tutorial. | Node.js, NodeJS, NodeJS Tutorial, Learn NodeJS, Learn NodeJS Tutorial, JavaScript runtime environment, event-driven architecture, scalable server-side applications, REST APIs, real-time applications, microservices, Node Package Manager, high-speed NVMe SSD storage, JavaScript for backend development, I/O-heavy applications, Node.js installation guide, Node.js community support, efficient data streaming, Node.js job profiles"
19,Web Development | GeeksforGeeks,Web Development,"Web development encompasses the creation, design, and maintenance of websites, divided into frontend, backend, and full-stack development, utilizing various technologies and programming languages for both user interaction and server-side functionality.","Web Development, Frontend Development, Backend Development, Full Stack Development, HTML, CSS, JavaScript, Bootstrap, React.js, Angular, Vue.js, PHP, Python, NoSQL Databases, Database Management Systems",https://www.geeksforgeeks.org/web-development/,"Web Development | Web development encompasses the creation, design, and maintenance of websites, divided into frontend, backend, and full-stack development, utilizing various technologies and programming languages for both user interaction and server-side functionality. | Web Development, Frontend Development, Backend Development, Full Stack Development, HTML, CSS, JavaScript, Bootstrap, React.js, Angular, Vue.js, PHP, Python, NoSQL Databases, Database Management Systems"
20,Web Design Tutorial | GeeksforGeeks,Web Design Tutorial,Discover the basics of web design with our easy-to-follow Web Design Tutorial. Learn,"Data Structures, Algorithms, Python, Java, C, C++, JavaScript, Android Development, SQL, Data Science, Machine Learning, PHP, Web Development, System Design, Tutorial, Technical Blogs, Interview Experience, Interview Preparation, Programming, Competitive Programming, Jobs, Coding Contests, GATE CSE, HTML, CSS, React, NodeJS, Placement, Aptitude, Quiz, Computer Science, Programming Examples, GeeksforGeeks Courses, Puzzles, SSC, Banking, UPSC, Commerce, Finance, CBSE, School, k12, General Knowledge, News, Mathematics, Exams",https://www.geeksforgeeks.org/web-design/,"Web Design Tutorial | Discover the basics of web design with our easy-to-follow Web Design Tutorial. Learn | Data Structures, Algorithms, Python, Java, C, C++, JavaScript, Android Development, SQL, Data Science, Machine Learning, PHP, Web Development, System Design, Tutorial, Technical Blogs, Interview Experience, Interview Preparation, Programming, Competitive Programming, Jobs, Coding Contests, GATE CSE, HTML, CSS, React, NodeJS, Placement, Aptitude, Quiz, Computer Science, Programming Examples, GeeksforGeeks Courses, Puzzles, SSC, Banking, UPSC, Commerce, Finance, CBSE, School, k12, General Knowledge, News, Mathematics, Exams"
21,Web Browser – A Complete Overview | GeeksforGeeks,Web Browser - A Complete Overview,"A Computer Science portal for geeks. It contains well written, well thought and well explained computer science and programming articles, quizzes and practice/competitive programming/company interview Questions.","Data Structures, Algorithms, Python, Java, C, C++, JavaScript, Android Development, SQL, Data Science, Machine Learning, PHP, Web Development, System Design, Tutorial, Technical Blogs, Interview Experience, Interview Preparation, Programming, Competitive Programming, Jobs, Coding Contests, GATE CSE, HTML, CSS, React, NodeJS, Placement, Aptitude, Quiz, Computer Science, Programming Examples, GeeksforGeeks Courses, Puzzles, SSC, Banking, UPSC, Commerce, Finance, CBSE, School, k12, General Knowledge, News, Mathematics, Exams",https://www.geeksforgeeks.org/web-browser-a-complete-overview/,"Web Browser - A Complete Overview | A Computer Science portal for geeks. It contains well written, well thought and well explained computer science and programming articles, quizzes and practice/competitive programming/company interview Questions. | Data Structures, Algorithms, Python, Java, C, C++, JavaScript, Android Development, SQL, Data Science, Machine Learning, PHP, Web Development, System Design, Tutorial, Technical Blogs, Interview Experience, Interview Preparation, Programming, Competitive Programming, Jobs, Coding Contests, GATE CSE, HTML, CSS, React, NodeJS, Placement, Aptitude, Quiz, Computer Science, Programming Examples, GeeksforGeeks Courses, Puzzles, SSC, Banking, UPSC, Commerce, Finance, CBSE, School, k12, General Knowledge, News, Mathematics, Exams"
22,Master Competitive Programming - Complete Beginner to Advanced,Master Competitive Programming - Complete Beginner to Advanced,"Master Competitive Programming with our comprehensive course covering all CP concepts, Contests, and Intensive problem-solving techniques.","DSA / Placements, competitive programming course, competitive programming course online, online competitive programming course",https://www.geeksforgeeks.org/courses/competitive-programming-live?itm_source=geeksforgeeks&itm_medium=gfg_submenu&itm_campaign=DS_Submenu,"Master Competitive Programming - Complete Beginner to Advanced | Master Competitive Programming with our comprehensive course covering all CP concepts, Contests, and Intensive problem-solving techniques. | DSA / Placements, competitive programming course, competitive programming course online, online competitive programming course"
23,Aptitude Questions and Answers | GeeksforGeeks,Aptitude Questions and Answers,"A Computer Science portal for geeks. It contains well written, well thought and well explained computer science and programming articles, quizzes and practice/competitive programming/company interview Questions.","Data Structures, Algorithms, Python, Java, C, C++, JavaScript, Android Development, SQL, Data Science, Machine Learning, PHP, Web Development, System Design, Tutorial, Technical Blogs, Interview Experience, Interview Preparation, Programming, Competitive Programming, Jobs, Coding Contests, GATE CSE, HTML, CSS, React, NodeJS, Placement, Aptitude, Quiz, Computer Science, Programming Examples, GeeksforGeeks Courses, Puzzles, SSC, Banking, UPSC, Commerce, Finance, CBSE, School, k12, General Knowledge, News, Mathematics, Exams",https://www.geeksforgeeks.org/aptitude-questions-and-answers/,"Aptitude Questions and Answers | A Computer Science portal for geeks. It contains well written, well thought and well explained computer science and programming articles, quizzes and practice/competitive programming/company interview Questions. | Data Structures, Algorithms, Python, Java, C, C++, JavaScript, Android Development, SQL, Data Science, Machine Learning, PHP, Web Development, System Design, Tutorial, Technical Blogs, Interview Experience, Interview Preparation, Programming, Competitive Programming, Jobs, Coding Contests, GATE CSE, HTML, CSS, React, NodeJS, Placement, Aptitude, Quiz, Computer Science, Programming Examples, GeeksforGeeks Courses, Puzzles, SSC, Banking, UPSC, Commerce, Finance, CBSE, School, k12, General Knowledge, News, Mathematics, Exams"
24,Puzzles | GeeksforGeeks,Puzzles,"Puzzles are frequently used in exams and interviews to assess logical and analytical thinking, with various types categorized by examination patterns.","Analytical Puzzles, Mathematical Puzzles, Logical Puzzles, Arrangement Puzzles, Shape based Puzzles, Mechanical Puzzles, Monty Hall problem, Egg Dropping Puzzle, Water Jug Problem, Cheryl’s Birthday Puzzle, Puzzle solving strategies, Finding contaminated pills, Maximum pieces from a Circle, Splitting a Cake Puzzle, Two Creepers Climbing a Tree",https://www.geeksforgeeks.org/puzzles/,"Puzzles | Puzzles are frequently used in exams and interviews to assess logical and analytical thinking, with various types categorized by examination patterns. | Analytical Puzzles, Mathematical Puzzles, Logical Puzzles, Arrangement Puzzles, Shape based Puzzles, Mechanical Puzzles, Monty Hall problem, Egg Dropping Puzzle, Water Jug Problem, Cheryl’s Birthday Puzzle, Puzzle solving strategies, Finding contaminated pills, Maximum pieces from a Circle, Splitting a Cake Puzzle, Two Creepers Climbing a Tree"
25,Computer Science Projects for 2025 | GeeksforGeeks,Computer Science Projects for 2025,"A Computer Science portal for geeks. It contains well written, well thought and well explained computer science and programming articles, quizzes and practice/competitive programming/company interview Questions.","Data Structures, Algorithms, Python, Java, C, C++, JavaScript, Android Development, SQL, Data Science, Machine Learning, PHP, Web Development, System Design, Tutorial, Technical Blogs, Interview Experience, Interview Preparation, Programming, Competitive Programming, Jobs, Coding Contests, GATE CSE, HTML, CSS, React, NodeJS, Placement, Aptitude, Quiz, Computer Science, Programming Examples, GeeksforGeeks Courses, Puzzles, SSC, Banking, UPSC, Commerce, Finance, CBSE, School, k12, General Knowledge, News, Mathematics, Exams",https://www.geeksforgeeks.org/computer-science-projects/,"Computer Science Projects for 2025 | A Computer Science portal for geeks. It contains well written, well thought and well explained computer science and programming articles, quizzes and practice/competitive programming/company interview Questions. | Data Structures, Algorithms, Python, Java, C, C++, JavaScript, Android Development, SQL, Data Science, Machine Learning, PHP, Web Development, System Design, Tutorial, Technical Blogs, Interview Experience, Interview Preparation, Programming, Competitive Programming, Jobs, Coding Contests, GATE CSE, HTML, CSS, React, NodeJS, Placement, Aptitude, Quiz, Computer Science, Programming Examples, GeeksforGeeks Courses, Puzzles, SSC, Banking, UPSC, Commerce, Finance, CBSE, School, k12, General Knowledge, News, Mathematics, Exams"
26,DSA Tutorial – Learn Data Structures and Algorithms | GeeksforGeeks,DSA Tutorial - Learn Data Structures and Algorithms,"A Computer Science portal for geeks. It contains well written, well thought and well explained computer science and programming articles, quizzes and practice/competitive programming/company interview Questions.","Data Structures and Algorithms, Time and Space complexities, Logic Building, Searching Algorithms, Sorting Algorithms, Hashing Techniques, Two Pointer Technique, Window Sliding Technique, Dynamic Programming, Greedy Algorithms, Advanced Data Structures, Recursion Techniques, Matrix/Grid Data Structure, Graph Data Structure, Linked List Operations",https://www.geeksforgeeks.org/learn-data-structures-and-algorithms-dsa-tutorial/,"DSA Tutorial - Learn Data Structures and Algorithms | A Computer Science portal for geeks. It contains well written, well thought and well explained computer science and programming articles, quizzes and practice/competitive programming/company interview Questions. | Data Structures and Algorithms, Time and Space complexities, Logic Building, Searching Algorithms, Sorting Algorithms, Hashing Techniques, Two Pointer Technique, Window Sliding Technique, Dynamic Programming, Greedy Algorithms, Advanced Data Structures, Recursion Techniques, Matrix/Grid Data Structure, Graph Data Structure, Linked List Operations"
27,Software Design Patterns Tutorial | GeeksforGeeks,Software Design Patterns Tutorial,"Software design patterns are reusable solutions to common software development challenges that help developers create more robust, maintainable, and scalable systems.","Software Design Patterns, Creational Design Patterns, Structural Design Patterns, Behavioral Design Patterns, Factory Method Design Pattern, Abstract Factory Method Design Pattern, Singleton Method Design Pattern, Prototype Method Design Pattern, Builder Method Design Pattern, Adapter Method Design Pattern, Bridge Method Design Pattern, Chain Of Responsibility Method Design Pattern, Command Method Design Pattern, Observer Method Design Pattern, Strategy Method Design Pattern",https://www.geeksforgeeks.org/software-design-patterns/,"Software Design Patterns Tutorial | Software design patterns are reusable solutions to common software development challenges that help developers create more robust, maintainable, and scalable systems. | Software Design Patterns, Creational Design Patterns, Structural Design Patterns, Behavioral Design Patterns, Factory Method Design Pattern, Abstract Factory Method Design Pattern, Singleton Method Design Pattern, Prototype Method Design Pattern, Builder Method Design Pattern, Adapter Method Design Pattern, Bridge Method Design Pattern, Chain Of Responsibility Method Design Pattern, Command Method Design Pattern, Observer Method Design Pattern, Strategy Method Design Pattern"
28,"Software Development | Introduction, SDLC, Roadmap, Courses | GeeksforGeeks","Software Development | Introduction, SDLC, Roadmap, Courses","A Computer Science portal for geeks. It contains well written, well thought and well explained computer science and programming articles, quizzes and practice/competitive programming/company interview Questions.","Data Structures, Algorithms, Python, Java, C, C++, JavaScript, Android Development, SQL, Data Science, Machine Learning, PHP, Web Development, System Design, Tutorial, Technical Blogs, Interview Experience, Interview Preparation, Programming, Competitive Programming, Jobs, Coding Contests, GATE CSE, HTML, CSS, React, NodeJS, Placement, Aptitude, Quiz, Computer Science, Programming Examples, GeeksforGeeks Courses, Puzzles, SSC, Banking, UPSC, Commerce, Finance, CBSE, School, k12, General Knowledge, News, Mathematics, Exams",https://www.geeksforgeeks.org/software-development/,"Software Development | Introduction, SDLC, Roadmap, Courses | A Computer Science portal for geeks. It contains well written, well thought and well explained computer science and programming articles, quizzes and practice/competitive programming/company interview Questions. | Data Structures, Algorithms, Python, Java, C, C++, JavaScript, Android Development, SQL, Data Science, Machine Learning, PHP, Web Development, System Design, Tutorial, Technical Blogs, Interview Experience, Interview Preparation, Programming, Competitive Programming, Jobs, Coding Contests, GATE CSE, HTML, CSS, React, NodeJS, Placement, Aptitude, Quiz, Computer Science, Programming Examples, GeeksforGeeks Courses, Puzzles, SSC, Banking, UPSC, Commerce, Finance, CBSE, School, k12, General Knowledge, News, Mathematics, Exams"
29,What is SEO Optimization or Search Engine Optimization? | GeeksforGeeks,What is SEO Optimization or Search Engine Optimization?,"A Computer Science portal for geeks. It contains well written, well thought and well explained computer science and programming articles, quizzes and practice/competitive programming/company interview Questions.","Data Structures, Algorithms, Python, Java, C, C++, JavaScript, Android Development, SQL, Data Science, Machine Learning, PHP, Web Development, System Design, Tutorial, Technical Blogs, Interview Experience, Interview Preparation, Programming, Competitive Programming, Jobs, Coding Contests, GATE CSE, HTML, CSS, React, NodeJS, Placement, Aptitude, Quiz, Computer Science, Programming Examples, GeeksforGeeks Courses, Puzzles, SSC, Banking, UPSC, Commerce, Finance, CBSE, School, k12, General Knowledge, News, Mathematics, Exams",https://www.geeksforgeeks.org/seo-search-engine-optimization/,"What is SEO Optimization or Search Engine Optimization? | A Computer Science portal for geeks. It contains well written, well thought and well explained computer science and programming articles, quizzes and practice/competitive programming/company interview Questions. | Data Structures, Algorithms, Python, Java, C, C++, JavaScript, Android Development, SQL, Data Science, Machine Learning, PHP, Web Development, System Design, Tutorial, Technical Blogs, Interview Experience, Interview Preparation, Programming, Competitive Programming, Jobs, Coding Contests, GATE CSE, HTML, CSS, React, NodeJS, Placement, Aptitude, Quiz, Computer Science, Programming Examples, GeeksforGeeks Courses, Puzzles, SSC, Banking, UPSC, Commerce, Finance, CBSE, School, k12, General Knowledge, News, Mathematics, Exams"
30,Learn Product Management | Beginner to Advanced Tutorial 2024 | GeeksforGeeks,Learn Product Management | Beginner to Advanced Tutorial 2024,"A Computer Science portal for geeks. It contains well written, well thought and well explained computer science and programming articles, quizzes and practice/competitive programming/company interview Questions.","Product Management, Product Lifecycle, Market Research, User Research, Product Development, Minimum Viable Product, Product Strategy, Product Roadmap, Agile Methodology, Product Testing and Launch, Customer Satisfaction, Competitive Analysis, Product Metrics, Product Marketing, Stakeholder Analysis",https://www.geeksforgeeks.org/product-management/,"Learn Product Management | Beginner to Advanced Tutorial 2024 | A Computer Science portal for geeks. It contains well written, well thought and well explained computer science and programming articles, quizzes and practice/competitive programming/company interview Questions. | Product Management, Product Lifecycle, Market Research, User Research, Product Development, Minimum Viable Product, Product Strategy, Product Roadmap, Agile Methodology, Product Testing and Launch, Customer Satisfaction, Competitive Analysis, Product Metrics, Product Marketing, Stakeholder Analysis"
31,SAP – Systems Applications and Products | A Complete Learning Hub | GeeksforGeeks,SAP – Systems Applications and Products | A Complete Learning Hub,"A Computer Science portal for geeks. It contains well written, well thought and well explained computer science and programming articles, quizzes and practice/competitive programming/company interview Questions.","Data Structures, Algorithms, Python, Java, C, C++, JavaScript, Android Development, SQL, Data Science, Machine Learning, PHP, Web Development, System Design, Tutorial, Technical Blogs, Interview Experience, Interview Preparation, Programming, Competitive Programming, Jobs, Coding Contests, GATE CSE, HTML, CSS, React, NodeJS, Placement, Aptitude, Quiz, Computer Science, Programming Examples, GeeksforGeeks Courses, Puzzles, SSC, Banking, UPSC, Commerce, Finance, CBSE, School, k12, General Knowledge, News, Mathematics, Exams",https://www.geeksforgeeks.org/sap-systems-applications-and-products/,"SAP – Systems Applications and Products | A Complete Learning Hub | A Computer Science portal for geeks. It contains well written, well thought and well explained computer science and programming articles, quizzes and practice/competitive programming/company interview Questions. | Data Structures, Algorithms, Python, Java, C, C++, JavaScript, Android Development, SQL, Data Science, Machine Learning, PHP, Web Development, System Design, Tutorial, Technical Blogs, Interview Experience, Interview Preparation, Programming, Competitive Programming, Jobs, Coding Contests, GATE CSE, HTML, CSS, React, NodeJS, Placement, Aptitude, Quiz, Computer Science, Programming Examples, GeeksforGeeks Courses, Puzzles, SSC, Banking, UPSC, Commerce, Finance, CBSE, School, k12, General Knowledge, News, Mathematics, Exams"
32,"Programming Tutorial | Introduction, Basic Concepts, Getting started, Problems | GeeksforGeeks","Programming Tutorial | Introduction, Basic Concepts, Getting started, Problems","This comprehensive Programming Tutorial or Coding Tutorial provides an introduction to programming, covering basic concepts, roadmap and common problems.","Data Structures, Algorithms, Python, Java, C, C++, JavaScript, Android Development, SQL, Data Science, Machine Learning, PHP, Web Development, System Design, Tutorial, Technical Blogs, Interview Experience, Interview Preparation, Programming, Competitive Programming, Jobs, Coding Contests, GATE CSE, HTML, CSS, React, NodeJS, Placement, Aptitude, Quiz, Computer Science, Programming Examples, GeeksforGeeks Courses, Puzzles, SSC, Banking, UPSC, Commerce, Finance, CBSE, School, k12, General Knowledge, News, Mathematics, Exams",https://www.geeksforgeeks.org/programming-tutorial/,"Programming Tutorial | Introduction, Basic Concepts, Getting started, Problems | This comprehensive Programming Tutorial or Coding Tutorial provides an introduction to programming, covering basic concepts, roadmap and common problems. | Data Structures, Algorithms, Python, Java, C, C++, JavaScript, Android Development, SQL, Data Science, Machine Learning, PHP, Web Development, System Design, Tutorial, Technical Blogs, Interview Experience, Interview Preparation, Programming, Competitive Programming, Jobs, Coding Contests, GATE CSE, HTML, CSS, React, NodeJS, Placement, Aptitude, Quiz, Computer Science, Programming Examples, GeeksforGeeks Courses, Puzzles, SSC, Banking, UPSC, Commerce, Finance, CBSE, School, k12, General Knowledge, News, Mathematics, Exams"
33,About us | GeeksforGeeks,About us | GeeksforGeeks,No description,"Data Structures, Algorithms, Python, Java, C, C++, JavaScript, Android Development, SQL, Data Science, Machine Learning, PHP, Web Development, System Design, Tutorial, Technical Blogs, Interview Experience, Interview Preparation, Programming, Competitive Programming, Jobs, Coding Contests, GATE CSE, HTML, CSS, React, NodeJS, Placement, Aptitude, Quiz, Computer Science, Programming Examples, GeeksforGeeks Courses, Puzzles, SSC, Banking, UPSC, Commerce, Finance, CBSE, School, k12, General Knowledge, News, Mathematics, Exams",https://www.geeksforgeeks.org/about/?ref=outindfooter,"About us | GeeksforGeeks | No description | Data Structures, Algorithms, Python, Java, C, C++, JavaScript, Android Development, SQL, Data Science, Machine Learning, PHP, Web Development, System Design, Tutorial, Technical Blogs, Interview Experience, Interview Preparation, Programming, Competitive Programming, Jobs, Coding Contests, GATE CSE, HTML, CSS, React, NodeJS, Placement, Aptitude, Quiz, Computer Science, Programming Examples, GeeksforGeeks Courses, Puzzles, SSC, Banking, UPSC, Commerce, Finance, CBSE, School, k12, General Knowledge, News, Mathematics, Exams"
34,Legal | GeeksforGeeks,Legal | GeeksforGeeks,No description,"Data Structures, Algorithms, Python, Java, C, C++, JavaScript, Android Development, SQL, Data Science, Machine Learning, PHP, Web Development, System Design, Tutorial, Technical Blogs, Interview Experience, Interview Preparation, Programming, Competitive Programming, Jobs, Coding Contests, GATE CSE, HTML, CSS, React, NodeJS, Placement, Aptitude, Quiz, Computer Science, Programming Examples, GeeksforGeeks Courses, Puzzles, SSC, Banking, UPSC, Commerce, Finance, CBSE, School, k12, General Knowledge, News, Mathematics, Exams",https://www.geeksforgeeks.org/legal/?ref=outindfooter,"Legal | GeeksforGeeks | No description | Data Structures, Algorithms, Python, Java, C, C++, JavaScript, Android Development, SQL, Data Science, Machine Learning, PHP, Web Development, System Design, Tutorial, Technical Blogs, Interview Experience, Interview Preparation, Programming, Competitive Programming, Jobs, Coding Contests, GATE CSE, HTML, CSS, React, NodeJS, Placement, Aptitude, Quiz, Computer Science, Programming Examples, GeeksforGeeks Courses, Puzzles, SSC, Banking, UPSC, Commerce, Finance, CBSE, School, k12, General Knowledge, News, Mathematics, Exams"
35,Privacy Policy | GeeksforGeeks,Privacy Policy | GeeksforGeeks,No description,"Data Structures, Algorithms, Python, Java, C, C++, JavaScript, Android Development, SQL, Data Science, Machine Learning, PHP, Web Development, System Design, Tutorial, Technical Blogs, Interview Experience, Interview Preparation, Programming, Competitive Programming, Jobs, Coding Contests, GATE CSE, HTML, CSS, React, NodeJS, Placement, Aptitude, Quiz, Computer Science, Programming Examples, GeeksforGeeks Courses, Puzzles, SSC, Banking, UPSC, Commerce, Finance, CBSE, School, k12, General Knowledge, News, Mathematics, Exams",https://www.geeksforgeeks.org/legal/privacy-policy/?ref=outindfooter,"Privacy Policy | GeeksforGeeks | No description | Data Structures, Algorithms, Python, Java, C, C++, JavaScript, Android Development, SQL, Data Science, Machine Learning, PHP, Web Development, System Design, Tutorial, Technical Blogs, Interview Experience, Interview Preparation, Programming, Competitive Programming, Jobs, Coding Contests, GATE CSE, HTML, CSS, React, NodeJS, Placement, Aptitude, Quiz, Computer Science, Programming Examples, GeeksforGeeks Courses, Puzzles, SSC, Banking, UPSC, Commerce, Finance, CBSE, School, k12, General Knowledge, News, Mathematics, Exams"
36,Press Release | GeeksforGeeks,Press Release,No description,"Data Structures, Algorithms, Python, Java, C, C++, JavaScript, Android Development, SQL, Data Science, Machine Learning, PHP, Web Development, System Design, Tutorial, Technical Blogs, Interview Experience, Interview Preparation, Programming, Competitive Programming, Jobs, Coding Contests, GATE CSE, HTML, CSS, React, NodeJS, Placement, Aptitude, Quiz, Computer Science, Programming Examples, GeeksforGeeks Courses, Puzzles, SSC, Banking, UPSC, Commerce, Finance, CBSE, School, k12, General Knowledge, News, Mathematics, Exams",https://www.geeksforgeeks.org/press-release/?ref=outindfooter,"Press Release | No description | Data Structures, Algorithms, Python, Java, C, C++, JavaScript, Android Development, SQL, Data Science, Machine Learning, PHP, Web Development, System Design, Tutorial, Technical Blogs, Interview Experience, Interview Preparation, Programming, Competitive Programming, Jobs, Coding Contests, GATE CSE, HTML, CSS, React, NodeJS, Placement, Aptitude, Quiz, Computer Science, Programming Examples, GeeksforGeeks Courses, Puzzles, SSC, Banking, UPSC, Commerce, Finance, CBSE, School, k12, General Knowledge, News, Mathematics, Exams"
37,Contact Us | GeeksforGeeks,Contact Us | GeeksforGeeks,No description,"Data Structures, Algorithms, Python, Java, C, C++, JavaScript, Android Development, SQL, Data Science, Machine Learning, PHP, Web Development, System Design, Tutorial, Technical Blogs, Interview Experience, Interview Preparation, Programming, Competitive Programming, Jobs, Coding Contests, GATE CSE, HTML, CSS, React, NodeJS, Placement, Aptitude, Quiz, Computer Science, Programming Examples, GeeksforGeeks Courses, Puzzles, SSC, Banking, UPSC, Commerce, Finance, CBSE, School, k12, General Knowledge, News, Mathematics, Exams",https://www.geeksforgeeks.org/about/contact-us/?ref=outindfooter,"Contact Us | GeeksforGeeks | No description | Data Structures, Algorithms, Python, Java, C, C++, JavaScript, Android Development, SQL, Data Science, Machine Learning, PHP, Web Development, System Design, Tutorial, Technical Blogs, Interview Experience, Interview Preparation, Programming, Competitive Programming, Jobs, Coding Contests, GATE CSE, HTML, CSS, React, NodeJS, Placement, Aptitude, Quiz, Computer Science, Programming Examples, GeeksforGeeks Courses, Puzzles, SSC, Banking, UPSC, Commerce, Finance, CBSE, School, k12, General Knowledge, News, Mathematics, Exams"
38,Advertise with us,Advertise with us,"A Computer Science portal for geeks. It contains well written, well thought and well explained computer science and programming articles, quizzes and practice/competitive programming/company interview Questions.","Organization, College, Companies, Institutions, Video, Data Structures, Algorithms, Python, Java, C, C++, JavaScript, Android Development, SQL, Data Science, Machine Learning, PHP, Web Development, System Design, Tutorial, Technical Blogs, Interview Experience, Interview Preparation, Programming, Competitive Programming, SDE Sheet, Job-a-thon, Coding Contests, GATE CSE, HTML, CSS, React, NodeJS, Placement, Aptitude, Quiz, Computer Science, Programming Examples, GeeksforGeeks Courses, Puzzles",https://www.geeksforgeeks.org/advertise-with-us/?ref=outindfooter,"Advertise with us | A Computer Science portal for geeks. It contains well written, well thought and well explained computer science and programming articles, quizzes and practice/competitive programming/company interview Questions. | Organization, College, Companies, Institutions, Video, Data Structures, Algorithms, Python, Java, C, C++, JavaScript, Android Development, SQL, Data Science, Machine Learning, PHP, Web Development, System Design, Tutorial, Technical Blogs, Interview Experience, Interview Preparation, Programming, Competitive Programming, SDE Sheet, Job-a-thon, Coding Contests, GATE CSE, HTML, CSS, React, NodeJS, Placement, Aptitude, Quiz, Computer Science, Programming Examples, GeeksforGeeks Courses, Puzzles"
39,GeeksforGeeks Corporate Solution | GeeksforGeeks,GeeksforGeeks Corporate Solution | GeeksforGeeks,No description,"Data Structures, Algorithms, Python, Java, C, C++, JavaScript, Android Development, SQL, Data Science, Machine Learning, PHP, Web Development, System Design, Tutorial, Technical Blogs, Interview Experience, Interview Preparation, Programming, Competitive Programming, Jobs, Coding Contests, GATE CSE, HTML, CSS, React, NodeJS, Placement, Aptitude, Quiz, Computer Science, Programming Examples, GeeksforGeeks Courses, Puzzles, SSC, Banking, UPSC, Commerce, Finance, CBSE, School, k12, General Knowledge, News, Mathematics, Exams",https://www.geeksforgeeks.org/gfg-corporate-solution/?ref=outindfooter,"GeeksforGeeks Corporate Solution | GeeksforGeeks | No description | Data Structures, Algorithms, Python, Java, C, C++, JavaScript, Android Development, SQL, Data Science, Machine Learning, PHP, Web Development, System Design, Tutorial, Technical Blogs, Interview Experience, Interview Preparation, Programming, Competitive Programming, Jobs, Coding Contests, GATE CSE, HTML, CSS, React, NodeJS, Placement, Aptitude, Quiz, Computer Science, Programming Examples, GeeksforGeeks Courses, Puzzles, SSC, Banking, UPSC, Commerce, Finance, CBSE, School, k12, General Knowledge, News, Mathematics, Exams"
40,Campus Training Program | GeeksforGeeks,Placement Training Program,No description,"Data Structures, Algorithms, Python, Java, C, C++, JavaScript, Android Development, SQL, Data Science, Machine Learning, PHP, Web Development, System Design, Tutorial, Technical Blogs, Interview Experience, Interview Preparation, Programming, Competitive Programming, Jobs, Coding Contests, GATE CSE, HTML, CSS, React, NodeJS, Placement, Aptitude, Quiz, Computer Science, Programming Examples, GeeksforGeeks Courses, Puzzles, SSC, Banking, UPSC, Commerce, Finance, CBSE, School, k12, General Knowledge, News, Mathematics, Exams",https://www.geeksforgeeks.org/campus-training-program/?ref=outindfooter,"Placement Training Program | No description | Data Structures, Algorithms, Python, Java, C, C++, JavaScript, Android Development, SQL, Data Science, Machine Learning, PHP, Web Development, System Design, Tutorial, Technical Blogs, Interview Experience, Interview Preparation, Programming, Competitive Programming, Jobs, Coding Contests, GATE CSE, HTML, CSS, React, NodeJS, Placement, Aptitude, Quiz, Computer Science, Programming Examples, GeeksforGeeks Courses, Puzzles, SSC, Banking, UPSC, Commerce, Finance, CBSE, School, k12, General Knowledge, News, Mathematics, Exams"
41,Community,Community,"A Computer Science portal for geeks. It contains well written, well thought and well explained computer science and programming articles, quizzes and practice/competitive programming/company interview Questions.","Video, Data Structures, Algorithms, Python, Java, C, C++, JavaScript, Android Development, SQL, Data Science, Machine Learning, PHP, Web Development, System Design, Tutorial, Technical Blogs, Interview Experience, Interview Preparation, Programming, Competitive Programming, SDE Sheet, Job-a-thon, Coding Contests, GATE CSE, HTML, CSS, React, NodeJS, Placement, Aptitude, Quiz, Computer Science, Programming Examples, GeeksforGeeks Courses, Puzzles",https://www.geeksforgeeks.org/community/?ref=outindfooter,"Community | A Computer Science portal for geeks. It contains well written, well thought and well explained computer science and programming articles, quizzes and practice/competitive programming/company interview Questions. | Video, Data Structures, Algorithms, Python, Java, C, C++, JavaScript, Android Development, SQL, Data Science, Machine Learning, PHP, Web Development, System Design, Tutorial, Technical Blogs, Interview Experience, Interview Preparation, Programming, Competitive Programming, SDE Sheet, Job-a-thon, Coding Contests, GATE CSE, HTML, CSS, React, NodeJS, Placement, Aptitude, Quiz, Computer Science, Programming Examples, GeeksforGeeks Courses, Puzzles"
42,Introduction to Programming Languages | GeeksforGeeks,Introduction to Programming Languages,"A Computer Science portal for geeks. It contains well written, well thought and well explained computer science and programming articles, quizzes and practice/competitive programming/company interview Questions.","Data Structures, Algorithms, Python, Java, C, C++, JavaScript, Android Development, SQL, Data Science, Machine Learning, PHP, Web Development, System Design, Tutorial, Technical Blogs, Interview Experience, Interview Preparation, Programming, Competitive Programming, Jobs, Coding Contests, GATE CSE, HTML, CSS, React, NodeJS, Placement, Aptitude, Quiz, Computer Science, Programming Examples, GeeksforGeeks Courses, Puzzles, SSC, Banking, UPSC, Commerce, Finance, CBSE, School, k12, General Knowledge, News, Mathematics, Exams",https://www.geeksforgeeks.org/introduction-to-programming-languages/?ref=outindfooter,"Introduction to Programming Languages | A Computer Science portal for geeks. It contains well written, well thought and well explained computer science and programming articles, quizzes and practice/competitive programming/company interview Questions. | Data Structures, Algorithms, Python, Java, C, C++, JavaScript, Android Development, SQL, Data Science, Machine Learning, PHP, Web Development, System Design, Tutorial, Technical Blogs, Interview Experience, Interview Preparation, Programming, Competitive Programming, Jobs, Coding Contests, GATE CSE, HTML, CSS, React, NodeJS, Placement, Aptitude, Quiz, Computer Science, Programming Examples, GeeksforGeeks Courses, Puzzles, SSC, Banking, UPSC, Commerce, Finance, CBSE, School, k12, General Knowledge, News, Mathematics, Exams"
43,Python Tutorial | Learn Python Programming Language | GeeksforGeeks,Python Tutorial | Learn Python Programming Language,"A Computer Science portal for geeks. It contains well written, well thought and well explained computer science and programming articles, quizzes and practice/competitive programming/company interview Questions.","Python Tutorial, programming languages, beginner-friendly, data science, machine learning, web development, Python libraries, object-oriented programming, exception handling, database handling, data analysis libraries, Python packages, core web frameworks, API development, Python job opportunities",https://www.geeksforgeeks.org/python-programming-language/?ref=outindfooter,"Python Tutorial | Learn Python Programming Language | A Computer Science portal for geeks. It contains well written, well thought and well explained computer science and programming articles, quizzes and practice/competitive programming/company interview Questions. | Python Tutorial, programming languages, beginner-friendly, data science, machine learning, web development, Python libraries, object-oriented programming, exception handling, database handling, data analysis libraries, Python packages, core web frameworks, API development, Python job opportunities"
44,Java Tutorial | GeeksforGeeks,Java Tutorial,"Java is a versatile, high-level programming language known for its platform independence, widely used in various applications from mobile to enterprise software, and supported by a robust ecosystem of tools and frameworks.","Java programming language, Write Once Run Anywhere, Java Virtual Machine, Object-Oriented Programming, Java Collection Framework, Java Exception Handling, Java Multithreading, Java File Handling, Java Streams and Lambda Expressions, Java Database Connectivity, Java Memory Management, Java Networking, Java Syntax and Structure, Java Development Kit, Java Interview Preparation",https://www.geeksforgeeks.org/java/?ref=outindfooter,"Java Tutorial | Java is a versatile, high-level programming language known for its platform independence, widely used in various applications from mobile to enterprise software, and supported by a robust ecosystem of tools and frameworks. | Java programming language, Write Once Run Anywhere, Java Virtual Machine, Object-Oriented Programming, Java Collection Framework, Java Exception Handling, Java Multithreading, Java File Handling, Java Streams and Lambda Expressions, Java Database Connectivity, Java Memory Management, Java Networking, Java Syntax and Structure, Java Development Kit, Java Interview Preparation"
45,C++ Programming Language | GeeksforGeeks,C++ Programming Language,"C++ is a versatile programming language that combines low-level memory management with object-oriented features, making it suitable for various applications, and this tutorial offers a comprehensive guide to learning its core and advanced concepts through practical examples and quizzes.","C++, Bjarne Stroustrup, programming language, memory management, Object Oriented Programming, dynamic memory management, Standard Template Library, exception handling, file handling, advanced C++ concepts, C++ skill assessments, C++ interview questions, C++ vs other programming languages, high-performance applications, game development",https://www.geeksforgeeks.org/c-plus-plus/?ref=outindfooter,"C++ Programming Language | C++ is a versatile programming language that combines low-level memory management with object-oriented features, making it suitable for various applications, and this tutorial offers a comprehensive guide to learning its core and advanced concepts through practical examples and quizzes. | C++, Bjarne Stroustrup, programming language, memory management, Object Oriented Programming, dynamic memory management, Standard Template Library, exception handling, file handling, advanced C++ concepts, C++ skill assessments, C++ interview questions, C++ vs other programming languages, high-performance applications, game development"
46,PHP Tutorial | GeeksforGeeks,PHP Tutorial,"PHP is a versatile, open-source server-side scripting language essential for web development, enabling dynamic content generation, database interactions, and session management across various platforms.","PHP, server-side scripting, dynamic web pages, database interactions, session management, form handling, PHP frameworks, Laravel, Symfony, CodeIgniter, error handling, object-oriented programming, PHP performance optimization, data validation, PHP beginner projects",https://www.geeksforgeeks.org/php-tutorials/?ref=outindfooter,"PHP Tutorial | PHP is a versatile, open-source server-side scripting language essential for web development, enabling dynamic content generation, database interactions, and session management across various platforms. | PHP, server-side scripting, dynamic web pages, database interactions, session management, form handling, PHP frameworks, Laravel, Symfony, CodeIgniter, error handling, object-oriented programming, PHP performance optimization, data validation, PHP beginner projects"
47,Go Tutorial | GeeksforGeeks,Go Tutorial,"Golang, developed by Google in 2007 and launched in 2009, is a procedural, statically typed programming language with C-like syntax, known for its rich standard library, garbage collection, and growing popularity among developers.","Golang, procedural programming language, statically typed, standard library, garbage collection, dynamic-typing capability, Golang vs C++, Golang vs Java, Golang vs Python, control statements, functions and methods, slices in Golang, pointers in Golang, interfaces in Golang, concurrency in Golang",https://www.geeksforgeeks.org/golang/?ref=outindfooter,"Go Tutorial | Golang, developed by Google in 2007 and launched in 2009, is a procedural, statically typed programming language with C-like syntax, known for its rich standard library, garbage collection, and growing popularity among developers. | Golang, procedural programming language, statically typed, standard library, garbage collection, dynamic-typing capability, Golang vs C++, Golang vs Java, Golang vs Python, control statements, functions and methods, slices in Golang, pointers in Golang, interfaces in Golang, concurrency in Golang"
48,SQL Tutorial | GeeksforGeeks,SQL Tutorial,"SQL is a crucial Structured Query Language used for accessing and manipulating data in various databases, enabling operations like creating, updating, and retrieving data, and is essential across multiple fields including data science, web development, and cloud computing.","Structured Query Language, SQL tutorial, SQL queries, SQL join, SQL injection, Database Management Systems, Data Science & Analytics, Machine Learning & AI, Cloud SQL, Big Data platforms, Database Design and Modeling, SQL Data Constraints, SQL Aggregate Functions, Real-time Data Processing, Data Governance and Compliance",https://www.geeksforgeeks.org/sql-tutorial/?ref=outindfooter,"SQL Tutorial | SQL is a crucial Structured Query Language used for accessing and manipulating data in various databases, enabling operations like creating, updating, and retrieving data, and is essential across multiple fields including data science, web development, and cloud computing. | Structured Query Language, SQL tutorial, SQL queries, SQL join, SQL injection, Database Management Systems, Data Science & Analytics, Machine Learning & AI, Cloud SQL, Big Data platforms, Database Design and Modeling, SQL Data Constraints, SQL Aggregate Functions, Real-time Data Processing, Data Governance and Compliance"
49,R Tutorial | Learn R Programming Language | GeeksforGeeks,R Tutorial | Learn R Programming Language,"R is an open-source programming language widely utilized for statistical computing, data analysis, and visualization, supported by a large community and numerous libraries.","R programming language, statistical computing, data analysis, data visualization, Dplyr package, Ggplot2 package, data manipulation, data wrangling, machine learning with R, data frames, control statements, object-oriented programming, data import and export, graph plotting, hypothesis testing",https://www.geeksforgeeks.org/r-tutorial/?ref=outindfooter,"R Tutorial | Learn R Programming Language | R is an open-source programming language widely utilized for statistical computing, data analysis, and visualization, supported by a large community and numerous libraries. | R programming language, statistical computing, data analysis, data visualization, Dplyr package, Ggplot2 package, data manipulation, data wrangling, machine learning with R, data frames, control statements, object-oriented programming, data import and export, graph plotting, hypothesis testing"
50,Android Tutorial | GeeksforGeeks,Android Tutorial,"A Computer Science portal for geeks. It contains well written, well thought and well explained computer science and programming articles, quizzes and practice/competitive programming/company interview Questions.","Android Tutorial, Android Development, Java vs Kotlin, Android Architecture, Android Studio Setup, Firebase Integration, Material Design Components, RecyclerView Implementation, Android App Lifecycle, Gradle in Android, User Interface Design, Android Animation Techniques, Dynamic User Interfaces, Android App Monetization, Android Development Best Practices",https://www.geeksforgeeks.org/android-tutorial/?ref=outindfooter,"Android Tutorial | A Computer Science portal for geeks. It contains well written, well thought and well explained computer science and programming articles, quizzes and practice/competitive programming/company interview Questions. | Android Tutorial, Android Development, Java vs Kotlin, Android Architecture, Android Studio Setup, Firebase Integration, Material Design Components, RecyclerView Implementation, Android App Lifecycle, Gradle in Android, User Interface Design, Android Animation Techniques, Dynamic User Interfaces, Android App Monetization, Android Development Best Practices"